{
  "cv_accuracy_mean": 0.5076923076923077,
  "cv_accuracy_std": 0.10714144828603167,
  "accuracy": 0.45,
  "precision": 0.4666666666666667,
  "recall": 0.7,
  "f1": 0.56,
  "confusion_matrix": [
    [
      4,
      16
    ],
    [
      6,
      14
    ]
  ],
  "train_samples": 160,
  "test_samples": 40,
  "features": [
    "candle_body",
    "upper_wick",
    "lower_wick",
    "candle_range",
    "volume_moving_average",
    "volume_ratio",
    "volume_momentum",
    "momentum_10",
    "momentum_20",
    "price_rate_of_change",
    "ema_slope",
    "sma_slope",
    "SMA_7",
    "SMA_21",
    "SMA_50",
    "EMA_12",
    "EMA_26",
    "RSI",
    "MACD",
    "MACD_Signal",
    "MACD_Histogram",
    "BB_Middle",
    "BB_Upper",
    "BB_Lower",
    "BB_Width",
    "Returns",
    "Log_Returns",
    "Volatility_20",
    "returns_lag_1",
    "returns_lag_3",
    "returns_lag_5",
    "returns_lag_10",
    "rolling_skewness_20",
    "rolling_kurtosis_20",
    "rolling_zscore_returns",
    "ATR",
    "realized_volatility",
    "volatility_ratio",
    "hour_of_day",
    "day_of_week",
    "weekend",
    "trend_strength",
    "volatility_regime"
  ],
  "feature_importance": {
    "candle_body": 0.01692273005760962,
    "upper_wick": 0.030395959011496543,
    "lower_wick": 0.0203310579972335,
    "candle_range": 0.012826619003494785,
    "volume_moving_average": 0.03442274217973638,
    "volume_ratio": 0.016586860330100588,
    "volume_momentum": 0.0158555060231726,
    "momentum_10": 0.05851306320288789,
    "momentum_20": 0.01429227305774988,
    "price_rate_of_change": 0.0020267629548361647,
    "ema_slope": 0.06191989703447832,
    "sma_slope": 0.02212810168916047,
    "SMA_7": 0.024345646924579162,
    "SMA_21": 0.0163512469357309,
    "SMA_50": 0.017245551870858293,
    "EMA_12": 0.031628740059650426,
    "EMA_26": 0.016996105295455657,
    "RSI": 0.027782495668973606,
    "MACD": 0.027201080014829855,
    "MACD_Signal": 0.029737716693526303,
    "MACD_Histogram": 0.07065635539602684,
    "BB_Middle": 0.0173763387650611,
    "BB_Upper": 0.041170250361618616,
    "BB_Lower": 0.020835688025160806,
    "BB_Width": 0.02145094522849143,
    "Returns": 0.012922061244174615,
    "Log_Returns": 0.01415792887081093,
    "Volatility_20": 0.025308667954296756,
    "returns_lag_1": 0.015335684430262087,
    "returns_lag_3": 0.022748753115459385,
    "returns_lag_5": 0.035442395715932926,
    "returns_lag_10": 0.01800093619805137,
    "rolling_skewness_20": 0.017672511329096537,
    "rolling_kurtosis_20": 0.023973153797910738,
    "rolling_zscore_returns": 0.011915816705893936,
    "ATR": 0.024227222426155024,
    "realized_volatility": 0.02504669645445135,
    "volatility_ratio": 0.048828398905233814,
    "hour_of_day": 0.0,
    "day_of_week": 0.0025957295230865395,
    "weekend": 0.0,
    "trend_strength": 0.02917451831475784,
    "volatility_regime": 0.003649791232506431
  }
}